name,email
Joshua Lane,shelly80@example.net
Lisa Vasquez,nmullins@example.com
William Martin,fjacobs@example.net
Eric Flores MD,mcdonaldaaron@example.net
Julie Wagner,thomasjohnny@example.org
Brian Jones,tyler95@example.org
Gina Bass,daniellecochran@example.com
David Mills,kelly37@example.org
Hannah Murphy,heatherbond@example.org
Jonathan Garcia,smithalex@example.org
Sarah Petersen,oliverdylan@example.net
Diana Dawson,ylewis@example.org
Michael Mitchell,fpeterson@example.org
Kristen Jones,hurstchristopher@example.org
John Valdez,arios@example.net
Chad Webb,jacob21@example.org
John Ferguson,benjamin28@example.org
Julie Morgan,vdelacruz@example.net
Jon Hughes,luke44@example.com
Michael Silva,joseph42@example.org
Denise Stephens,ypearson@example.net
Thomas Navarro,zbryant@example.org
Mark Miller,wrightpatrick@example.net
Daniel Lopez,kellylaura@example.com
Eric Kim,michaelli@example.net
Steven Bennett,xwalker@example.com
Melinda Holt,ogarrett@example.org
Jason Crawford DDS,ysmith@example.net
Tracy Downs,william55@example.net
Maria Jackson,valeriewilson@example.org
Stephanie Willis,karen45@example.com
Greg Walter,kathleenproctor@example.com
Jacob Thompson,williamsernest@example.net
Denise Stephenson,ernest08@example.com
Vincent Fowler,afrancis@example.org
Sandra Deleon,bsmith@example.net
Joseph Salazar,cynthia57@example.com
Susan Hardy,david71@example.com
Paul Rodriguez,psosa@example.com
Anthony Tapia,bairdsteven@example.org
Diane Williams,ybailey@example.net
Erin Arias,matthewhogan@example.org
Patrick Richard,browntanya@example.com
Monica Barber,bdickerson@example.com
Juan Johnson,fitzgeraldmartin@example.com
Sarah Clark,blevinszachary@example.net
Heather Griffin,burnsdaniel@example.com
Madison Moreno,duncanamy@example.org
Sarah Robinson,kmunoz@example.com
Bailey Garcia,caldwellandres@example.net
Jordan Fisher,jamescannon@example.com
Jordan Nelson,mirandacharles@example.net
Deborah Davenport,michaelmason@example.com
Sherri Ramos,lsantiago@example.net
Vincent Cherry,thompsonchristopher@example.org
Steven Martinez,sjohnson@example.org
Angela Sullivan,jamie07@example.net
Stacey House,pattondavid@example.org
Michael Lopez,michaelwiggins@example.com
Elizabeth Nelson,davismark@example.net
Heather Gomez,michael25@example.org
Sarah Garcia,qmaxwell@example.org
Joseph Ali,briangrimes@example.org
Miss Kelsey Jackson,lopezpaige@example.org
James Jones,jennifermurray@example.org
Lindsay Thomas DDS,hensleychristian@example.org
Steven Wilson,jacksonmichael@example.net
Nicole Goodwin,klarson@example.com
Nancy David,yreyes@example.org
Joseph Berry,zjohnson@example.net
Sheila Mendoza,danielle44@example.com
Kaylee Gregory,alicialucas@example.net
Mark Garcia,tonymoore@example.net
Charles Werner,tammy15@example.org
Peter Ball,austin97@example.com
Rhonda Smith,castrodawn@example.net
Brian Johnson,wardrichard@example.com
Erica Williams,christy87@example.net
Timothy Lyons,samuellittle@example.net
Thomas Davis,clarkcarol@example.net
Lisa Cross,brownamanda@example.com
Marissa Torres,pollardjacob@example.net
Kevin Wilson,jasonbrown@example.com
Paul Lee,smithtimothy@example.net
Madison Ramirez,bakeramy@example.org
John Brooks,patrick29@example.org
Christina Spence,abigail40@example.org
Patrick Clark,william59@example.org
Richard Ball,paigeharris@example.net
Carlos Ramos,jeffreymiller@example.com
Michael Horn,scott46@example.com
Alexis Clark,hillcarrie@example.net
Paul Miller,troy69@example.org
Jennifer Ford MD,potterdarryl@example.net
David Madden,tracie85@example.com
James Bishop,zholt@example.org
Dale Huber,waltermeyers@example.com
Ashley Richards,jgonzalez@example.org
Linda Bowen,stephanie57@example.com
Sherri Johnson,phillipsjennifer@example.org
